{
  "info" : ["MIDI to CSCP mapping file",
            "for Korg NanoKontrol2 in Sonar/Reaper mode",
            "Press and hold 'set' and 'record' on the Korg while connecting it to make it boot in CC mode",
            "The following control_map maps korg controls -> CSCP command & strip/path",
            "Note, to output to DAW on same Windows machine will require loopMIDI port"],

  "control_map" : {

    "pitchwheel" : {
      "command" :  "fader_move",
      "min" :  -8192,
      "max" : 8192,
      "ch_to_strip" : {"0" : 0,
                         "1" : 1,
                         "2" : 2,
                         "3" : 3,
                         "4" : 4,
                         "5" : 5,
                         "6" : 6,
                         "7" : 7}
    },

    "note_on" : {
        "8" : {"command" : "pfl_toggle", "strip" : 0},
        "9" : {"command" : "pfl_toggle", "strip" : 1},
        "10" : {"command" : "pfl_toggle", "strip" : 2},
        "11" : {"command" : "pfl_toggle", "strip" : 3},
        "12" : {"command" : "pfl_toggle", "strip" : 4},
        "13" : {"command" : "pfl_toggle", "strip" : 5},
        "14" : {"command" : "pfl_toggle", "strip" : 6},
        "15" : {"command" : "pfl_toggle", "strip" : 7},

        "16" : {"command" : "cut_toggle", "strip" : 0},
        "17" : {"command" : "cut_toggle", "strip" : 1},
        "18" : {"command" : "cut_toggle", "strip" : 2},
        "19" : {"command" : "cut_toggle", "strip" : 3},
        "20" : {"command" : "cut_toggle", "strip" : 4},
        "21" : {"command" : "cut_toggle", "strip" : 5},
        "22" : {"command" : "cut_toggle", "strip" : 6},
        "23" : {"command" : "cut_toggle", "strip" : 7}
    }
  },
  "CSCP to MIDI": {
    "fader_move": "pitchwheel",
    "strip_to_ch": {"0": 0,
                    "1": 1,
                    "2": 2,
                    "3": 3,
                    "4": 4,
                    "5": 5,
                    "6": 6,
                    "7": 7,
                    "8": 8
    },
    "pfl_strip_to_note": {"0": 8,
                          "1": 9,
                          "2": 10,
                          "3": 11,
                          "4": 12,
                          "5": 13,
                          "6": 14,
                          "7": 15
    },
    "cut_strip_to_note": {"0": 16,
                          "1": 17,
                          "2": 18,
                          "3": 19,
                          "4": 20,
                          "5": 21,
                          "6": 22,
                          "7": 23
    }
  }
}

